term,contrast,null.value,estimate,std.error,df,conf.low,conf.high,statistic,p.value,experiment
group,control - treatment,0,26.550961949606776,8.973698802612176,4.108857181316673,1.894155660810533,51.20776823840302,2.958753411901678,0.04023605118887443,cfos_intensity_oxa_neurons
group,control - treatment,0,49.66483258964753,19.30231731015433,4.071959668707166,-3.555542792974677,102.88520797226974,2.5729984535856976,0.06071371973466978,cfos_intensity_oxa_rb_neurons
group,control - treatment,0,0.31270391547850745,0.14464710355845126,5,-0.05912330150625211,0.684531132463267,2.1618401460223167,0.08299383067804726,cell_count_oxa_cfos_neurons
group,control - treatment,0,-0.009472102137920137,0.0974204395200345,5,-0.25989931438782693,0.24095511011198664,-0.09722910494539701,0.9263216136805523,cell_count_oxa_cfos_rb_neurons
group,control - treatment,0,0.2722090975885434,0.061952201530779204,5,0.11295589365584213,0.43146230152124465,4.3938567292609285,0.007062335877226125,cell_count_pvn_oxa_cfos_neurons
